{"cameraMode":{"drawMode":0,"name":"Shaded","section":"Shading Mode"},"sceneLighting":true,"audioPlay":false,"sceneViewState":{"showFog":false,"showMaterialUpdate":false,"showSkybox":true,"showFlares":true,"showImageEffects":true,"showParticleSystems":true},"in2DMode":false,"pivot":{"x":-0.9164059162139893,"y":-0.31624865531921389,"z":-1.3903119564056397},"rotation":{"x":0.10074994713068009,"y":0.8967675566673279,"z":-0.26742109656333926,"w":0.33785414695739748},"size":25.40705680847168,"orthographic":false}